<?xml version="1.0" encoding="UTF-8"?>
<project-private xmlns="http://www.netbeans.org/ns/project-private/1">
    <editor-bookmarks xmlns="http://www.netbeans.org/ns/editor-bookmarks/2" lastBookmarkId="0"/>
    <open-files xmlns="http://www.netbeans.org/ns/projectui-open-files/2">
        <group>
            <file>file:/C:/xampp/htdocs/icaretobymclenon/resources/views/register.blade.php</file>
            <file>file:/C:/xampp/htdocs/icaretobymclenon/database/migrations/2024_02_29_034120_create_current_services_table.php</file>
            <file>file:/C:/xampp/htdocs/icaretobymclenon/resources/views/welcome.blade.php</file>
            <file>file:/C:/xampp/htdocs/icaretobymclenon/app/Http/Controllers/DashboardController.php</file>
            <file>file:/C:/xampp/htdocs/icaretobymclenon/resources/views/update_info.blade.php</file>
            <file>file:/C:/xampp/htdocs/icaretobymclenon/app/Http/Controllers/AddServicesController.php</file>
            <file>file:/C:/xampp/htdocs/icaretobymclenon/app/Http/Controllers/InformationController.php</file>
            <file>file:/C:/xampp/htdocs/icaretobymclenon/routes/web.php</file>
        </group>
    </open-files>
</project-private>
